Gene ID,Locus Tag,Gene Product Name,Genome ID,Genome Name,Batch1,Gene Symbol,GenBank Accession,Chromosome,Start Coord,End Coord,Strand,DNA Sequence Length (bp),Amino Acid Sequence Length (aa),Locus Type,Is Pseudogene,Is Partial Gene,Add Date,Is Public,Sequencing Status,Transmembrane Helices,Signal Peptides,Scaffold ID,Scaffold External Accession,Scaffold Name,Scaffold Length (bp),Scaffold GC %,Scaffold Read Depth,COG,Pfam,Tigrfam,SMART,SUPERFam,CATH FunFam,Enzyme,KO,IMG Term,MyIMG (self),MyIMG (group),MyIMG (public)
3300049256 assembled Ga0508132_00022_14384_15604,null,polyhydroxyalkanoate depolymerase,3300049256,"Lab enriched compost microbial communities from Needham, MA, USA - 01 SPAdes assembly (*) (MER-FS) (assembled)",6,,,,14384,15604,#ERROR!,1221,406,CDS,,,,No,Draft,,,Ga0508132_00022,,Ga0508132_00022,97447,0.63,1,COG4553===Poly-beta-hydroxyalkanoate depolymerase,,,"TIGR01849===polyhydroxyalkanoate depolymerase, intracellular",,,53474===alpha/beta-Hydrolases,,,,,
3300049257 assembled Ga0508133_087240_81844_83064,null,polyhydroxyalkanoate depolymerase,3300049257,"Lab enriched compost microbial communities from Needham, MA, USA - 01 MEGAHIT assembly (*) (MER-FS) (assembled)",6,,,,81844,83064,-,1221,406,CDS,,,,No,Draft,,,Ga0508133_087240,,Ga0508133_087240,84033,0.63,1,COG4553===Poly-beta-hydroxyalkanoate depolymerase,,,"TIGR01849===polyhydroxyalkanoate depolymerase, intracellular",,,53474===alpha/beta-Hydrolases,,,,,
3300049257 assembled Ga0508133_003361_1_618,null,polyhydroxyalkanoate synthase,3300049257,"Lab enriched compost microbial communities from Needham, MA, USA - 01 MEGAHIT assembly (*) (MER-FS) (assembled)",6,,,,1,618,#ERROR!,618,205,CDS,,,,No,Draft,,,Ga0508133_003361,,Ga0508133_003361,1121,0.65,1,COG3243===Poly(3-hydroxyalkanoate) synthetase,,,,,,53474===alpha/beta-Hydrolases,,,EC:2.3.1.-===Transferases. Acyltransferases. Transferring groups other than amino-acyl groups.,,
3300049257 assembled Ga0508133_050699_2_379,null,polyhydroxyalkanoate synthase,3300049257,"Lab enriched compost microbial communities from Needham, MA, USA - 01 MEGAHIT assembly (*) (MER-FS) (assembled)",6,,,,2,379,#ERROR!,378,126,CDS,,,,No,Draft,,,Ga0508133_050699,,Ga0508133_050699,380,0.64,1,COG3243===Poly(3-hydroxyalkanoate) synthetase,,,,,,53474===alpha/beta-Hydrolases,,,EC:2.3.1.-===Transferases. Acyltransferases. Transferring groups other than amino-acyl groups.,,
3300049257 assembled Ga0508133_088580_1_306,null,polyhydroxyalkanoate synthase,3300049257,"Lab enriched compost microbial communities from Needham, MA, USA - 01 MEGAHIT assembly (*) (MER-FS) (assembled)",6,,,,1,306,#ERROR!,306,102,CDS,,,,No,Draft,,,Ga0508133_088580,,Ga0508133_088580,306,0.66,1,,,,,,,,,,EC:2.3.1.-===Transferases. Acyltransferases. Transferring groups other than amino-acyl groups.,,
3300049257 assembled Ga0508133_069850_2_445,null,polyhydroxyalkanoate synthase,3300049257,"Lab enriched compost microbial communities from Needham, MA, USA - 01 MEGAHIT assembly (*) (MER-FS) (assembled)",6,,,,2,445,-,444,148,CDS,,,,No,Draft,,,Ga0508133_069850,,Ga0508133_069850,445,0.63,1,COG3243===Poly(3-hydroxyalkanoate) synthetase,,,,,,53474===alpha/beta-Hydrolases,,,EC:2.3.1.-===Transferases. Acyltransferases. Transferring groups other than amino-acyl groups.,,
3300049257 assembled Ga0508133_085541_41_232,null,polyhydroxyalkanoate synthase,3300049257,"Lab enriched compost microbial communities from Needham, MA, USA - 01 MEGAHIT assembly (*) (MER-FS) (assembled)",6,,,,41,232,#ERROR!,192,64,CDS,,,,No,Draft,,,Ga0508133_085541,,Ga0508133_085541,234,0.68,1,,,,,,,,,,EC:2.3.1.-===Transferases. Acyltransferases. Transferring groups other than amino-acyl groups.,,
3300049257 assembled Ga0508133_063094_2_694,null,polyhydroxyalkanoate synthase,3300049257,"Lab enriched compost microbial communities from Needham, MA, USA - 01 MEGAHIT assembly (*) (MER-FS) (assembled)",6,,,,2,694,#ERROR!,693,231,CDS,,,,No,Draft,,,Ga0508133_063094,,Ga0508133_063094,696,0.62,1,COG3243===Poly(3-hydroxyalkanoate) synthetase,,,,,,53474===alpha/beta-Hydrolases,,,EC:2.3.1.-===Transferases. Acyltransferases. Transferring groups other than amino-acyl groups.,,
3300049256 assembled Ga0508132_00580_3_1400,null,polyhydroxyalkanoate synthase,3300049256,"Lab enriched compost microbial communities from Needham, MA, USA - 01 SPAdes assembly (*) (MER-FS) (assembled)",6,,,,3,1400,-,1398,466,CDS,,,,No,Draft,,,Ga0508132_00580,,Ga0508132_00580,11931,0.65,1,COG3243===Poly(3-hydroxyalkanoate) synthetase,,,,,,53474===alpha/beta-Hydrolases,,,EC:2.3.1.-===Transferases. Acyltransferases. Transferring groups other than amino-acyl groups.,,
3300049256 assembled Ga0508132_25273_3_503,null,polyhydroxyalkanoate synthase,3300049256,"Lab enriched compost microbial communities from Needham, MA, USA - 01 SPAdes assembly (*) (MER-FS) (assembled)",6,,,,3,503,#ERROR!,501,167,CDS,,,,No,Draft,,,Ga0508132_25273,,Ga0508132_25273,503,0.66,1,COG3243===Poly(3-hydroxyalkanoate) synthetase,,,,,,53474===alpha/beta-Hydrolases,,,EC:2.3.1.-===Transferases. Acyltransferases. Transferring groups other than amino-acyl groups.,,
3300049257 assembled Ga0508133_080634_3_431,null,polyhydroxyalkanoate synthase,3300049257,"Lab enriched compost microbial communities from Needham, MA, USA - 01 MEGAHIT assembly (*) (MER-FS) (assembled)",6,,,,3,431,-,429,143,CDS,,,,No,Draft,,,Ga0508133_080634,,Ga0508133_080634,431,0.63,1,COG3243===Poly(3-hydroxyalkanoate) synthetase,,,,,,53474===alpha/beta-Hydrolases,,,EC:2.3.1.-===Transferases. Acyltransferases. Transferring groups other than amino-acyl groups.,,
3300049256 assembled Ga0508132_35875_11_430,null,polyhydroxyalkanoate synthase,3300049256,"Lab enriched compost microbial communities from Needham, MA, USA - 01 SPAdes assembly (*) (MER-FS) (assembled)",6,,,,11,430,#ERROR!,420,140,CDS,,,,No,Draft,,,Ga0508132_35875,,Ga0508132_35875,430,0.64,1,,,,,,,,,,EC:2.3.1.-===Transferases. Acyltransferases. Transferring groups other than amino-acyl groups.,,
3300049256 assembled Ga0508132_54199_2_238,null,polyhydroxyalkanoate synthase,3300049256,"Lab enriched compost microbial communities from Needham, MA, USA - 01 SPAdes assembly (*) (MER-FS) (assembled)",6,,,,2,238,-,237,79,CDS,,,,No,Draft,,,Ga0508132_54199,,Ga0508132_54199,369,0.72,1,,,,,,,,,,EC:2.3.1.-===Transferases. Acyltransferases. Transferring groups other than amino-acyl groups.,,
3300049256 assembled Ga0508132_11211_283_756,null,polyhydroxyalkanoate synthase,3300049256,"Lab enriched compost microbial communities from Needham, MA, USA - 01 SPAdes assembly (*) (MER-FS) (assembled)",6,,,,283,756,-,474,157,CDS,,,,No,Draft,,,Ga0508132_11211,,Ga0508132_11211,768,0.67,1,COG3243===Poly(3-hydroxyalkanoate) synthetase,,,,,,53474===alpha/beta-Hydrolases,,,EC:2.3.1.-===Transferases. Acyltransferases. Transferring groups other than amino-acyl groups.,,
3300049257 assembled Ga0508133_097972_2_655,null,polyhydroxyalkanoate synthase,3300049257,"Lab enriched compost microbial communities from Needham, MA, USA - 01 MEGAHIT assembly (*) (MER-FS) (assembled)",6,,,,2,655,-,654,218,CDS,,,,No,Draft,,,Ga0508133_097972,,Ga0508133_097972,896,0.68,1,,,,,,,,,,EC:2.3.1.-===Transferases. Acyltransferases. Transferring groups other than amino-acyl groups.,,
3300049256 assembled Ga0508132_38686_1_417,null,polyhydroxyalkanoate synthase,3300049256,"Lab enriched compost microbial communities from Needham, MA, USA - 01 SPAdes assembly (*) (MER-FS) (assembled)",6,,,,1,417,-,417,139,CDS,,,,No,Draft,,,Ga0508132_38686,,Ga0508132_38686,418,0.69,1,COG3243===Poly(3-hydroxyalkanoate) synthetase,,,,,,53474===alpha/beta-Hydrolases,,,EC:2.3.1.-===Transferases. Acyltransferases. Transferring groups other than amino-acyl groups.,,
3300049256 assembled Ga0508132_00011_62528_63343,null,polyhydroxyalkanoate synthase,3300049256,"Lab enriched compost microbial communities from Needham, MA, USA - 01 SPAdes assembly (*) (MER-FS) (assembled)",6,,,,62528,63343,#ERROR!,816,271,CDS,,,,No,Draft,,,Ga0508132_00011,,Ga0508132_00011,181069,0.46,1,COG3243===Poly(3-hydroxyalkanoate) synthetase,,,,,,53474===alpha/beta-Hydrolases,,,EC:2.3.1.-===Transferases. Acyltransferases. Transferring groups other than amino-acyl groups.,,
3300049256 assembled Ga0508132_08686_2_655,null,polyhydroxyalkanoate synthase,3300049256,"Lab enriched compost microbial communities from Needham, MA, USA - 01 SPAdes assembly (*) (MER-FS) (assembled)",6,,,,2,655,-,654,218,CDS,,,,No,Draft,,,Ga0508132_08686,,Ga0508132_08686,896,0.68,1,,,,,,,,,,EC:2.3.1.-===Transferases. Acyltransferases. Transferring groups other than amino-acyl groups.,,
3300049256 assembled Ga0508132_54375_54_368,null,polyhydroxyalkanoate synthase,3300049256,"Lab enriched compost microbial communities from Needham, MA, USA - 01 SPAdes assembly (*) (MER-FS) (assembled)",6,,,,54,368,-,315,104,CDS,,,,No,Draft,,,Ga0508132_54375,,Ga0508132_54375,368,0.7,1,COG3243===Poly(3-hydroxyalkanoate) synthetase,,,,,,,,,EC:2.3.1.-===Transferases. Acyltransferases. Transferring groups other than amino-acyl groups.,,
3300049257 assembled Ga0508133_068354_60667_62586,null,polyhydroxyalkanoate synthase,3300049257,"Lab enriched compost microbial communities from Needham, MA, USA - 01 MEGAHIT assembly (*) (MER-FS) (assembled)",6,,,,60667,62586,-,1920,639,CDS,,,,No,Draft,,,Ga0508133_068354,,Ga0508133_068354,72662,0.62,1,COG3243===Poly(3-hydroxyalkanoate) synthetase,,,"TIGR01838===poly(R)-hydroxyalkanoic acid synthase, class I",,,53474===alpha/beta-Hydrolases,,,EC:2.3.1.-===Transferases. Acyltransferases. Transferring groups other than amino-acyl groups.,,
3300049256 assembled Ga0508132_04080_411_1565,null,polyhydroxyalkanoate synthase,3300049256,"Lab enriched compost microbial communities from Needham, MA, USA - 01 SPAdes assembly (*) (MER-FS) (assembled)",6,,,,411,1565,#ERROR!,1155,385,CDS,,,,No,Draft,,,Ga0508132_04080,,Ga0508132_04080,1566,0.65,1,,,,,,,47954===Cyclin-like<<>>53474===alpha/beta-Hydrolases,,,EC:2.3.1.-===Transferases. Acyltransferases. Transferring groups other than amino-acyl groups.,,
3300049256 assembled Ga0508132_00075_12782_14596,null,polyhydroxyalkanoate synthase,3300049256,"Lab enriched compost microbial communities from Needham, MA, USA - 01 SPAdes assembly (*) (MER-FS) (assembled)",6,,,,12782,14596,#ERROR!,1815,604,CDS,,,,No,Draft,,,Ga0508132_00075,,Ga0508132_00075,46074,0.66,1,COG3243===Poly(3-hydroxyalkanoate) synthetase,,,"TIGR01838===poly(R)-hydroxyalkanoic acid synthase, class I",,,53474===alpha/beta-Hydrolases,,,EC:2.3.1.-===Transferases. Acyltransferases. Transferring groups other than amino-acyl groups.,,
3300049256 assembled Ga0508132_01496_117_1922,null,polyhydroxyalkanoate synthase,3300049256,"Lab enriched compost microbial communities from Needham, MA, USA - 01 SPAdes assembly (*) (MER-FS) (assembled)",6,,,,117,1922,-,1806,601,CDS,,,,No,Draft,,,Ga0508132_01496,,Ga0508132_01496,4333,0.66,1,COG3243===Poly(3-hydroxyalkanoate) synthetase,,,"TIGR01838===poly(R)-hydroxyalkanoic acid synthase, class I",,,53474===alpha/beta-Hydrolases,,,EC:2.3.1.-===Transferases. Acyltransferases. Transferring groups other than amino-acyl groups.,,
3300049257 assembled Ga0508133_087476_3_137,null,polyhydroxyalkanoate synthase,3300049257,"Lab enriched compost microbial communities from Needham, MA, USA - 01 MEGAHIT assembly (*) (MER-FS) (assembled)",6,,,,3,137,-,135,45,CDS,,,,No,Draft,,,Ga0508133_087476,,Ga0508133_087476,296,0.58,1,,,,,,,"48498===Tetracyclin repressor-like, C-terminal domain",,,EC:2.3.1.-===Transferases. Acyltransferases. Transferring groups other than amino-acyl groups.,,
3300049257 assembled Ga0508133_099155_2_631,null,polyhydroxyalkanoate synthase,3300049257,"Lab enriched compost microbial communities from Needham, MA, USA - 01 MEGAHIT assembly (*) (MER-FS) (assembled)",6,,,,2,631,#ERROR!,630,209,CDS,,,,No,Draft,,,Ga0508133_099155,,Ga0508133_099155,1103,0.67,1,COG3243===Poly(3-hydroxyalkanoate) synthetase,,,,,,53474===alpha/beta-Hydrolases,,,EC:2.3.1.-===Transferases. Acyltransferases. Transferring groups other than amino-acyl groups.,,
3300049257 assembled Ga0508133_004545_1_264,null,polyhydroxyalkanoate synthase,3300049257,"Lab enriched compost microbial communities from Needham, MA, USA - 01 MEGAHIT assembly (*) (MER-FS) (assembled)",6,,,,1,264,-,264,88,CDS,,,,No,Draft,,,Ga0508133_004545,,Ga0508133_004545,961,0.66,1,COG3243===Poly(3-hydroxyalkanoate) synthetase,,,,,,56645===Acyl-CoA dehydrogenase NM domain-like,,,EC:2.3.1.-===Transferases. Acyltransferases. Transferring groups other than amino-acyl groups.,,
3300049257 assembled Ga0508133_080249_1_891,null,polyhydroxyalkanoate synthase,3300049257,"Lab enriched compost microbial communities from Needham, MA, USA - 01 MEGAHIT assembly (*) (MER-FS) (assembled)",6,,,,1,891,#ERROR!,891,297,CDS,,,,No,Draft,,,Ga0508133_080249,,Ga0508133_080249,891,0.62,1,COG3243===Poly(3-hydroxyalkanoate) synthetase,,,,,,53474===alpha/beta-Hydrolases,,,EC:2.3.1.-===Transferases. Acyltransferases. Transferring groups other than amino-acyl groups.,,
3300049257 assembled Ga0508133_096630_2_706,null,polyhydroxyalkanoate synthase,3300049257,"Lab enriched compost microbial communities from Needham, MA, USA - 01 MEGAHIT assembly (*) (MER-FS) (assembled)",6,,,,2,706,#ERROR!,705,234,CDS,,,,No,Draft,,,Ga0508133_096630,,Ga0508133_096630,1999,0.66,1,COG3243===Poly(3-hydroxyalkanoate) synthetase,,,,,,53474===alpha/beta-Hydrolases,,,EC:2.3.1.-===Transferases. Acyltransferases. Transferring groups other than amino-acyl groups.,,
3300049257 assembled Ga0508133_094822_2_247,null,polyhydroxyalkanoate synthase,3300049257,"Lab enriched compost microbial communities from Needham, MA, USA - 01 MEGAHIT assembly (*) (MER-FS) (assembled)",6,,,,2,247,-,246,82,CDS,,,,No,Draft,,,Ga0508133_094822,,Ga0508133_094822,317,0.66,1,,,,,,,,,,EC:2.3.1.-===Transferases. Acyltransferases. Transferring groups other than amino-acyl groups.,,
3300049257 assembled Ga0508133_099068_9_338,null,polyhydroxyalkanoate synthase,3300049257,"Lab enriched compost microbial communities from Needham, MA, USA - 01 MEGAHIT assembly (*) (MER-FS) (assembled)",6,,,,9,338,#ERROR!,330,110,CDS,,,,No,Draft,,,Ga0508133_099068,,Ga0508133_099068,338,0.62,1,COG3243===Poly(3-hydroxyalkanoate) synthetase,,,,,,,,,EC:2.3.1.-===Transferases. Acyltransferases. Transferring groups other than amino-acyl groups.,,
3300049257 assembled Ga0508133_014605_2_706,null,polyhydroxyalkanoate synthase,3300049257,"Lab enriched compost microbial communities from Needham, MA, USA - 01 MEGAHIT assembly (*) (MER-FS) (assembled)",6,,,,2,706,#ERROR!,705,234,CDS,,,,No,Draft,,,Ga0508133_014605,,Ga0508133_014605,1502,0.65,1,COG3243===Poly(3-hydroxyalkanoate) synthetase,,,,,,53474===alpha/beta-Hydrolases,,,EC:2.3.1.-===Transferases. Acyltransferases. Transferring groups other than amino-acyl groups.,,
3300049257 assembled Ga0508133_044364_2_484,null,polyhydroxyalkanoate synthase,3300049257,"Lab enriched compost microbial communities from Needham, MA, USA - 01 MEGAHIT assembly (*) (MER-FS) (assembled)",6,,,,2,484,-,483,161,CDS,,,,No,Draft,,,Ga0508133_044364,,Ga0508133_044364,486,0.64,1,COG3243===Poly(3-hydroxyalkanoate) synthetase,,,,,,53474===alpha/beta-Hydrolases,,,EC:2.3.1.-===Transferases. Acyltransferases. Transferring groups other than amino-acyl groups.,,
3300049257 assembled Ga0508133_010619_1_291,null,polyhydroxyalkanoate synthase,3300049257,"Lab enriched compost microbial communities from Needham, MA, USA - 01 MEGAHIT assembly (*) (MER-FS) (assembled)",6,,,,1,291,#ERROR!,291,97,CDS,,,,No,Draft,,,Ga0508133_010619,,Ga0508133_010619,291,0.65,1,,,,,,,,,,EC:2.3.1.-===Transferases. Acyltransferases. Transferring groups other than amino-acyl groups.,,
3300049257 assembled Ga0508133_007033_2_283,null,polyhydroxyalkanoate synthase,3300049257,"Lab enriched compost microbial communities from Needham, MA, USA - 01 MEGAHIT assembly (*) (MER-FS) (assembled)",6,,,,2,283,#ERROR!,282,94,CDS,,,,No,Draft,,,Ga0508133_007033,,Ga0508133_007033,283,0.66,1,COG3243===Poly(3-hydroxyalkanoate) synthetase,,,,,,54680===Pyrimidine nucleoside phosphorylase C-terminal domain,,,EC:2.3.1.-===Transferases. Acyltransferases. Transferring groups other than amino-acyl groups.,,
3300049257 assembled Ga0508133_100421_11_427,null,polyhydroxyalkanoate synthase,3300049257,"Lab enriched compost microbial communities from Needham, MA, USA - 01 MEGAHIT assembly (*) (MER-FS) (assembled)",6,,,,11,427,#ERROR!,417,138,CDS,,,,No,Draft,,,Ga0508133_100421,,Ga0508133_100421,640,0.64,1,COG3243===Poly(3-hydroxyalkanoate) synthetase,,,,,,53474===alpha/beta-Hydrolases,,,EC:2.3.1.-===Transferases. Acyltransferases. Transferring groups other than amino-acyl groups.,,
3300049257 assembled Ga0508133_005175_1_228,null,polyhydroxyalkanoate synthase,3300049257,"Lab enriched compost microbial communities from Needham, MA, USA - 01 MEGAHIT assembly (*) (MER-FS) (assembled)",6,,,,1,228,#ERROR!,228,76,CDS,,,,No,Draft,,,Ga0508133_005175,,Ga0508133_005175,229,0.66,1,,,,,,,,,,EC:2.3.1.-===Transferases. Acyltransferases. Transferring groups other than amino-acyl groups.,,
3300049256 assembled Ga0508132_36508_2_427,null,polyhydroxyalkanoate synthase,3300049256,"Lab enriched compost microbial communities from Needham, MA, USA - 01 SPAdes assembly (*) (MER-FS) (assembled)",6,,,,2,427,-,426,142,CDS,,,,No,Draft,,,Ga0508132_36508,,Ga0508132_36508,427,0.7,1,,,,,,,,,,EC:2.3.1.-===Transferases. Acyltransferases. Transferring groups other than amino-acyl groups.,,
3300049257 assembled Ga0508133_044310_2_427,null,polyhydroxyalkanoate synthase,3300049257,"Lab enriched compost microbial communities from Needham, MA, USA - 01 MEGAHIT assembly (*) (MER-FS) (assembled)",6,,,,2,427,-,426,142,CDS,,,,No,Draft,,,Ga0508133_044310,,Ga0508133_044310,427,0.7,1,,,,,,,,,,EC:2.3.1.-===Transferases. Acyltransferases. Transferring groups other than amino-acyl groups.,,
3300049256 assembled Ga0508132_36694_1_426,null,polyhydroxyalkanoate synthase,3300049256,"Lab enriched compost microbial communities from Needham, MA, USA - 01 SPAdes assembly (*) (MER-FS) (assembled)",6,,,,1,426,-,426,142,CDS,,,,No,Draft,,,Ga0508132_36694,,Ga0508132_36694,426,0.63,1,COG3243===Poly(3-hydroxyalkanoate) synthetase,,,"TIGR01836===poly(R)-hydroxyalkanoic acid synthase, class III, PhaC subunit",,,53474===alpha/beta-Hydrolases,,,EC:2.3.1.-===Transferases. Acyltransferases. Transferring groups other than amino-acyl groups.,,
3300049256 assembled Ga0508132_54377_54_368,null,polyhydroxyalkanoate synthase,3300049256,"Lab enriched compost microbial communities from Needham, MA, USA - 01 SPAdes assembly (*) (MER-FS) (assembled)",6,,,,54,368,-,315,104,CDS,,,,No,Draft,,,Ga0508132_54377,,Ga0508132_54377,368,0.69,1,COG3243===Poly(3-hydroxyalkanoate) synthetase,,,,,,,,,EC:2.3.1.-===Transferases. Acyltransferases. Transferring groups other than amino-acyl groups.,,
3300049257 assembled Ga0508133_101282_1_294,null,polyhydroxyalkanoate synthase,3300049257,"Lab enriched compost microbial communities from Needham, MA, USA - 01 MEGAHIT assembly (*) (MER-FS) (assembled)",6,,,,1,294,-,294,98,CDS,,,,No,Draft,,,Ga0508133_101282,,Ga0508133_101282,308,0.63,1,COG3243===Poly(3-hydroxyalkanoate) synthetase,,,,,,51338===Composite domain of metallo-dependent hydrolases,,,EC:2.3.1.-===Transferases. Acyltransferases. Transferring groups other than amino-acyl groups.,,
3300049257 assembled Ga0508133_074503_1_420,null,polyhydroxyalkanoate synthase,3300049257,"Lab enriched compost microbial communities from Needham, MA, USA - 01 MEGAHIT assembly (*) (MER-FS) (assembled)",6,,,,1,420,#ERROR!,420,140,CDS,,,,No,Draft,,,Ga0508133_074503,,Ga0508133_074503,422,0.64,1,COG3243===Poly(3-hydroxyalkanoate) synthetase,,,,,,53474===alpha/beta-Hydrolases,,,EC:2.3.1.-===Transferases. Acyltransferases. Transferring groups other than amino-acyl groups.,,
3300049257 assembled Ga0508133_075192_2_169,null,polyhydroxyalkanoate synthase,3300049257,"Lab enriched compost microbial communities from Needham, MA, USA - 01 MEGAHIT assembly (*) (MER-FS) (assembled)",6,,,,2,169,-,168,56,CDS,,,,No,Draft,,,Ga0508133_075192,,Ga0508133_075192,371,0.64,1,COG3243===Poly(3-hydroxyalkanoate) synthetase,,,,,,,,,EC:2.3.1.-===Transferases. Acyltransferases. Transferring groups other than amino-acyl groups.,,
3300049257 assembled Ga0508133_061899_3_347,null,polyhydroxyalkanoate synthase,3300049257,"Lab enriched compost microbial communities from Needham, MA, USA - 01 MEGAHIT assembly (*) (MER-FS) (assembled)",6,,,,3,347,#ERROR!,345,115,CDS,,,,No,Draft,,,Ga0508133_061899,,Ga0508133_061899,347,0.66,1,,,,,,,,,,EC:2.3.1.-===Transferases. Acyltransferases. Transferring groups other than amino-acyl groups.,,
3300049256 assembled Ga0508132_65729_10_339,null,polyhydroxyalkanoate synthase,3300049256,"Lab enriched compost microbial communities from Needham, MA, USA - 01 SPAdes assembly (*) (MER-FS) (assembled)",6,,,,10,339,#ERROR!,330,110,CDS,,,,No,Draft,,,Ga0508132_65729,,Ga0508132_65729,339,0.68,1,,,,,,,47954===Cyclin-like,,,EC:2.3.1.-===Transferases. Acyltransferases. Transferring groups other than amino-acyl groups.,,
3300049257 assembled Ga0508133_103419_2_91,null,polyhydroxyalkanoate synthase,3300049257,"Lab enriched compost microbial communities from Needham, MA, USA - 01 MEGAHIT assembly (*) (MER-FS) (assembled)",6,,,,2,91,#ERROR!,90,29,CDS,,,,No,Draft,,,Ga0508133_103419,,Ga0508133_103419,275,0.69,1,COG3243===Poly(3-hydroxyalkanoate) synthetase,,,,,,,,,EC:2.3.1.-===Transferases. Acyltransferases. Transferring groups other than amino-acyl groups.,,
3300049257 assembled Ga0508133_042477_3_683,null,polyhydroxyalkanoate synthase,3300049257,"Lab enriched compost microbial communities from Needham, MA, USA - 01 MEGAHIT assembly (*) (MER-FS) (assembled)",6,,,,3,683,-,681,227,CDS,,,,No,Draft,,,Ga0508133_042477,,Ga0508133_042477,684,0.63,1,COG3243===Poly(3-hydroxyalkanoate) synthetase,,,,,,53474===alpha/beta-Hydrolases,,,EC:2.3.1.-===Transferases. Acyltransferases. Transferring groups other than amino-acyl groups.,,
3300049256 assembled Ga0508132_32108_1_120,null,polyhydroxyalkanoate synthase,3300049256,"Lab enriched compost microbial communities from Needham, MA, USA - 01 SPAdes assembly (*) (MER-FS) (assembled)",6,,,,1,120,#ERROR!,120,39,CDS,,,,No,Draft,,,Ga0508132_32108,,Ga0508132_32108,449,0.64,1,COG3243===Poly(3-hydroxyalkanoate) synthetase,,,,,,,,,EC:2.3.1.-===Transferases. Acyltransferases. Transferring groups other than amino-acyl groups.,,
3300049257 assembled Ga0508133_039426_1_354,null,polyhydroxyalkanoate synthase,3300049257,"Lab enriched compost microbial communities from Needham, MA, USA - 01 MEGAHIT assembly (*) (MER-FS) (assembled)",6,,,,1,354,#ERROR!,354,118,CDS,,,,No,Draft,,,Ga0508133_039426,,Ga0508133_039426,356,0.62,1,COG3243===Poly(3-hydroxyalkanoate) synthetase,,,,,,53474===alpha/beta-Hydrolases,,,EC:2.3.1.-===Transferases. Acyltransferases. Transferring groups other than amino-acyl groups.,,
3300049257 assembled Ga0508133_032222_1_975,null,polyhydroxyalkanoate synthase,3300049257,"Lab enriched compost microbial communities from Needham, MA, USA - 01 MEGAHIT assembly (*) (MER-FS) (assembled)",6,,,,1,975,-,975,325,CDS,,,,No,Draft,,,Ga0508133_032222,,Ga0508133_032222,978,0.63,1,,,,,,,,,,EC:2.3.1.-===Transferases. Acyltransferases. Transferring groups other than amino-acyl groups.,,
3300049256 assembled Ga0508132_17614_3_602,null,polyhydroxyalkanoate synthase,3300049256,"Lab enriched compost microbial communities from Needham, MA, USA - 01 SPAdes assembly (*) (MER-FS) (assembled)",6,,,,3,602,-,600,200,CDS,,,,No,Draft,,,Ga0508132_17614,,Ga0508132_17614,603,0.63,1,COG3243===Poly(3-hydroxyalkanoate) synthetase,,,,,,53474===alpha/beta-Hydrolases,,,EC:2.3.1.-===Transferases. Acyltransferases. Transferring groups other than amino-acyl groups.,,
3300049257 assembled Ga0508133_027509_3_215,null,polyhydroxyalkanoate synthase,3300049257,"Lab enriched compost microbial communities from Needham, MA, USA - 01 MEGAHIT assembly (*) (MER-FS) (assembled)",6,,,,3,215,#ERROR!,213,71,CDS,,,,No,Draft,,,Ga0508133_027509,,Ga0508133_027509,217,0.7,1,,,,,,,,,,EC:2.3.1.-===Transferases. Acyltransferases. Transferring groups other than amino-acyl groups.,,
3300049256 assembled Ga0508132_00127_2423_4228,null,polyhydroxyalkanoate synthase,3300049256,"Lab enriched compost microbial communities from Needham, MA, USA - 01 SPAdes assembly (*) (MER-FS) (assembled)",6,,,,2423,4228,#ERROR!,1806,601,CDS,,,,No,Draft,,,Ga0508132_00127,,Ga0508132_00127,34380,0.66,1,COG3243===Poly(3-hydroxyalkanoate) synthetase,,,"TIGR01838===poly(R)-hydroxyalkanoic acid synthase, class I",,,53474===alpha/beta-Hydrolases,,,EC:2.3.1.-===Transferases. Acyltransferases. Transferring groups other than amino-acyl groups.,,
3300049256 assembled Ga0508132_68800_1_327,null,polyhydroxyalkanoate synthase,3300049256,"Lab enriched compost microbial communities from Needham, MA, USA - 01 SPAdes assembly (*) (MER-FS) (assembled)",6,,,,1,327,#ERROR!,327,108,CDS,,,,No,Draft,,,Ga0508132_68800,,Ga0508132_68800,332,0.63,1,COG3243===Poly(3-hydroxyalkanoate) synthetase,,,,,,53474===alpha/beta-Hydrolases,,,EC:2.3.1.-===Transferases. Acyltransferases. Transferring groups other than amino-acyl groups.,,
3300049257 assembled Ga0508133_090749_2137_2988,null,polyhydroxyalkanoate synthase,3300049257,"Lab enriched compost microbial communities from Needham, MA, USA - 01 MEGAHIT assembly (*) (MER-FS) (assembled)",6,,,,2137,2988,-,852,283,CDS,,,,No,Draft,,,Ga0508133_090749,,Ga0508133_090749,2994,0.65,1,COG3243===Poly(3-hydroxyalkanoate) synthetase,,,,,,53474===alpha/beta-Hydrolases,,,EC:2.3.1.-===Transferases. Acyltransferases. Transferring groups other than amino-acyl groups.,,
3300049256 assembled Ga0508132_14483_11_427,null,polyhydroxyalkanoate synthase,3300049256,"Lab enriched compost microbial communities from Needham, MA, USA - 01 SPAdes assembly (*) (MER-FS) (assembled)",6,,,,11,427,#ERROR!,417,138,CDS,,,,No,Draft,,,Ga0508132_14483,,Ga0508132_14483,667,0.64,1,COG3243===Poly(3-hydroxyalkanoate) synthetase,,,,,,53474===alpha/beta-Hydrolases,,,EC:2.3.1.-===Transferases. Acyltransferases. Transferring groups other than amino-acyl groups.,,
3300049257 assembled Ga0508133_069401_3_1241,null,polyhydroxyalkanoate synthase,3300049257,"Lab enriched compost microbial communities from Needham, MA, USA - 01 MEGAHIT assembly (*) (MER-FS) (assembled)",6,,,,3,1241,-,1239,413,CDS,,,,No,Draft,,,Ga0508133_069401,,Ga0508133_069401,3586,0.66,1,,,,,,,53474===alpha/beta-Hydrolases,,,EC:2.3.1.-===Transferases. Acyltransferases. Transferring groups other than amino-acyl groups.,,
3300049256 assembled Ga0508132_03972_1_1452,null,polyhydroxyalkanoate synthase,3300049256,"Lab enriched compost microbial communities from Needham, MA, USA - 01 SPAdes assembly (*) (MER-FS) (assembled)",6,,,,1,1452,#ERROR!,1452,483,CDS,,,,No,Draft,,,Ga0508132_03972,,Ga0508132_03972,1601,0.62,1,COG3243===Poly(3-hydroxyalkanoate) synthetase,,,"TIGR01838===poly(R)-hydroxyalkanoic acid synthase, class I",,,53474===alpha/beta-Hydrolases,,,EC:2.3.1.-===Transferases. Acyltransferases. Transferring groups other than amino-acyl groups.,,
3300049256 assembled Ga0508132_34169_3_437,null,polyhydroxyalkanoate synthase,3300049256,"Lab enriched compost microbial communities from Needham, MA, USA - 01 SPAdes assembly (*) (MER-FS) (assembled)",6,,,,3,437,#ERROR!,435,145,CDS,,,,No,Draft,,,Ga0508132_34169,,Ga0508132_34169,438,0.65,1,COG3243===Poly(3-hydroxyalkanoate) synthetase,,,,,,,,,EC:2.3.1.-===Transferases. Acyltransferases. Transferring groups other than amino-acyl groups.,,
3300049257 assembled Ga0508133_069359_11186_12001,null,polyhydroxyalkanoate synthase,3300049257,"Lab enriched compost microbial communities from Needham, MA, USA - 01 MEGAHIT assembly (*) (MER-FS) (assembled)",6,,,,11186,12001,-,816,271,CDS,,,,No,Draft,,,Ga0508133_069359,,Ga0508133_069359,74592,0.46,1,COG3243===Poly(3-hydroxyalkanoate) synthetase,,,,,,53474===alpha/beta-Hydrolases,,,EC:2.3.1.-===Transferases. Acyltransferases. Transferring groups other than amino-acyl groups.,,
3300049256 assembled Ga0508132_28632_3_383,null,polyhydroxyalkanoate synthase,3300049256,"Lab enriched compost microbial communities from Needham, MA, USA - 01 SPAdes assembly (*) (MER-FS) (assembled)",6,,,,3,383,#ERROR!,381,126,CDS,,,,No,Draft,,,Ga0508132_28632,,Ga0508132_28632,472,0.63,1,COG3243===Poly(3-hydroxyalkanoate) synthetase,,,,,,53474===alpha/beta-Hydrolases,,,EC:2.3.1.-===Transferases. Acyltransferases. Transferring groups other than amino-acyl groups.,,
3300049257 assembled Ga0508133_025413_63999_65000,null,polyhydroxyalkanoate synthase,3300049257,"Lab enriched compost microbial communities from Needham, MA, USA - 01 MEGAHIT assembly (*) (MER-FS) (assembled)",6,,,,63999,65000,-,1002,333,CDS,,,,No,Draft,,,Ga0508133_025413,,Ga0508133_025413,65001,0.63,1,COG3243===Poly(3-hydroxyalkanoate) synthetase,,,,,,53474===alpha/beta-Hydrolases,,,EC:2.3.1.-===Transferases. Acyltransferases. Transferring groups other than amino-acyl groups.,,
3300049256 assembled Ga0508132_00028_10077_11996,null,polyhydroxyalkanoate synthase,3300049256,"Lab enriched compost microbial communities from Needham, MA, USA - 01 SPAdes assembly (*) (MER-FS) (assembled)",6,,,,10077,11996,#ERROR!,1920,639,CDS,,,,No,Draft,,,Ga0508132_00028,,Ga0508132_00028,88537,0.61,1,COG3243===Poly(3-hydroxyalkanoate) synthetase,,,"TIGR01838===poly(R)-hydroxyalkanoic acid synthase, class I",,,53474===alpha/beta-Hydrolases,,,EC:2.3.1.-===Transferases. Acyltransferases. Transferring groups other than amino-acyl groups.,,
3300049256 assembled Ga0508132_65750_2_337,null,polyhydroxyalkanoate synthase,3300049256,"Lab enriched compost microbial communities from Needham, MA, USA - 01 SPAdes assembly (*) (MER-FS) (assembled)",6,,,,2,337,-,336,112,CDS,,,,No,Draft,,,Ga0508132_65750,,Ga0508132_65750,339,0.62,1,COG3243===Poly(3-hydroxyalkanoate) synthetase,,,,,,53474===alpha/beta-Hydrolases,,,EC:2.3.1.-===Transferases. Acyltransferases. Transferring groups other than amino-acyl groups.,,
3300049257 assembled Ga0508133_048492_69673_70794,null,polyhydroxyalkanoate synthase,3300049257,"Lab enriched compost microbial communities from Needham, MA, USA - 01 MEGAHIT assembly (*) (MER-FS) (assembled)",6,,,,69673,70794,#ERROR!,1122,373,CDS,,,,No,Draft,,,Ga0508133_048492,,Ga0508133_048492,101435,0.48,1,COG3243===Poly(3-hydroxyalkanoate) synthetase,,,"TIGR01836===poly(R)-hydroxyalkanoic acid synthase, class III, PhaC subunit",,,53474===alpha/beta-Hydrolases,,,EC:2.3.1.-===Transferases. Acyltransferases. Transferring groups other than amino-acyl groups.,,
3300049257 assembled Ga0508133_048855_1272_3080,null,polyhydroxyalkanoate synthase,3300049257,"Lab enriched compost microbial communities from Needham, MA, USA - 01 MEGAHIT assembly (*) (MER-FS) (assembled)",6,,,,1272,3080,-,1809,602,CDS,,,,No,Draft,,,Ga0508133_048855,,Ga0508133_048855,3254,0.65,1,COG3243===Poly(3-hydroxyalkanoate) synthetase,,,"TIGR01838===poly(R)-hydroxyalkanoic acid synthase, class I",,,53474===alpha/beta-Hydrolases,,,EC:2.3.1.-===Transferases. Acyltransferases. Transferring groups other than amino-acyl groups.,,
3300049257 assembled Ga0508133_016766_2_256,null,polyhydroxyalkanoate synthase,3300049257,"Lab enriched compost microbial communities from Needham, MA, USA - 01 MEGAHIT assembly (*) (MER-FS) (assembled)",6,,,,2,256,#ERROR!,255,85,CDS,,,,No,Draft,,,Ga0508133_016766,,Ga0508133_016766,258,0.66,1,,,,,,,,,,EC:2.3.1.-===Transferases. Acyltransferases. Transferring groups other than amino-acyl groups.,,
3300049257 assembled Ga0508133_069707_1_237,null,polyhydroxyalkanoate synthase,3300049257,"Lab enriched compost microbial communities from Needham, MA, USA - 01 MEGAHIT assembly (*) (MER-FS) (assembled)",6,,,,1,237,#ERROR!,237,79,CDS,,,,No,Draft,,,Ga0508133_069707,,Ga0508133_069707,237,0.66,1,COG3243===Poly(3-hydroxyalkanoate) synthetase,,,,,,54680===Pyrimidine nucleoside phosphorylase C-terminal domain,,,EC:2.3.1.-===Transferases. Acyltransferases. Transferring groups other than amino-acyl groups.,,
3300049257 assembled Ga0508133_032022_3_554,null,polyhydroxyalkanoate synthase,3300049257,"Lab enriched compost microbial communities from Needham, MA, USA - 01 MEGAHIT assembly (*) (MER-FS) (assembled)",6,,,,3,554,-,552,184,CDS,,,,No,Draft,,,Ga0508133_032022,,Ga0508133_032022,634,0.66,1,,,,,,,,,,EC:2.3.1.-===Transferases. Acyltransferases. Transferring groups other than amino-acyl groups.,,
3300049256 assembled Ga0508132_48347_3_386,null,polyhydroxyalkanoate synthase,3300049256,"Lab enriched compost microbial communities from Needham, MA, USA - 01 SPAdes assembly (*) (MER-FS) (assembled)",6,,,,3,386,#ERROR!,384,128,CDS,,,,No,Draft,,,Ga0508132_48347,,Ga0508132_48347,386,0.64,1,COG3243===Poly(3-hydroxyalkanoate) synthetase,,,,,,53474===alpha/beta-Hydrolases,,,EC:2.3.1.-===Transferases. Acyltransferases. Transferring groups other than amino-acyl groups.,,
3300049257 assembled Ga0508133_089599_21974_23788,null,polyhydroxyalkanoate synthase,3300049257,"Lab enriched compost microbial communities from Needham, MA, USA - 01 MEGAHIT assembly (*) (MER-FS) (assembled)",6,,,,21974,23788,#ERROR!,1815,604,CDS,,,,No,Draft,,,Ga0508133_089599,,Ga0508133_089599,150295,0.65,1,COG3243===Poly(3-hydroxyalkanoate) synthetase,,,"TIGR01838===poly(R)-hydroxyalkanoic acid synthase, class I",,,53474===alpha/beta-Hydrolases,,,EC:2.3.1.-===Transferases. Acyltransferases. Transferring groups other than amino-acyl groups.,,
3300049257 assembled Ga0508133_042460_2_376,null,polyhydroxyalkanoate synthase,3300049257,"Lab enriched compost microbial communities from Needham, MA, USA - 01 MEGAHIT assembly (*) (MER-FS) (assembled)",6,,,,2,376,#ERROR!,375,125,CDS,,,,No,Draft,,,Ga0508133_042460,,Ga0508133_042460,377,0.64,1,COG3243===Poly(3-hydroxyalkanoate) synthetase,,,,,,51338===Composite domain of metallo-dependent hydrolases,,,EC:2.3.1.-===Transferases. Acyltransferases. Transferring groups other than amino-acyl groups.,,
3300049257 assembled Ga0508133_080654_117_281,null,polyhydroxyalkanoate synthase,3300049257,"Lab enriched compost microbial communities from Needham, MA, USA - 01 MEGAHIT assembly (*) (MER-FS) (assembled)",6,,,,117,281,#ERROR!,165,55,CDS,,,,No,Draft,,,Ga0508133_080654,,Ga0508133_080654,282,0.59,1,,,,,,,,,,EC:2.3.1.-===Transferases. Acyltransferases. Transferring groups other than amino-acyl groups.,,
3300049257 assembled Ga0508133_007449_1_483,null,polyhydroxyalkanoate synthase,3300049257,"Lab enriched compost microbial communities from Needham, MA, USA - 01 MEGAHIT assembly (*) (MER-FS) (assembled)",6,,,,1,483,#ERROR!,483,161,CDS,,,,No,Draft,,,Ga0508133_007449,,Ga0508133_007449,485,0.62,1,COG3243===Poly(3-hydroxyalkanoate) synthetase,,,,,,53474===alpha/beta-Hydrolases,,,EC:2.3.1.-===Transferases. Acyltransferases. Transferring groups other than amino-acyl groups.,,
3300049257 assembled Ga0508133_088087_44_292,null,polyhydroxyalkanoate synthase,3300049257,"Lab enriched compost microbial communities from Needham, MA, USA - 01 MEGAHIT assembly (*) (MER-FS) (assembled)",6,,,,44,292,-,249,82,CDS,,,,No,Draft,,,Ga0508133_088087,,Ga0508133_088087,294,0.67,1,COG3243===Poly(3-hydroxyalkanoate) synthetase,,,,,,,,,EC:2.3.1.-===Transferases. Acyltransferases. Transferring groups other than amino-acyl groups.,,
3300049257 assembled Ga0508133_047850_2_463,null,polyhydroxyalkanoate synthase,3300049257,"Lab enriched compost microbial communities from Needham, MA, USA - 01 MEGAHIT assembly (*) (MER-FS) (assembled)",6,,,,2,463,-,462,154,CDS,,,,No,Draft,,,Ga0508133_047850,,Ga0508133_047850,464,0.66,1,COG3243===Poly(3-hydroxyalkanoate) synthetase,,,,,,53474===alpha/beta-Hydrolases,,,EC:2.3.1.-===Transferases. Acyltransferases. Transferring groups other than amino-acyl groups.,,
3300049257 assembled Ga0508133_092811_38_508,null,polyhydroxyalkanoate synthase,3300049257,"Lab enriched compost microbial communities from Needham, MA, USA - 01 MEGAHIT assembly (*) (MER-FS) (assembled)",6,,,,38,508,#ERROR!,471,156,CDS,,,,No,Draft,,,Ga0508133_092811,,Ga0508133_092811,621,0.62,1,COG3243===Poly(3-hydroxyalkanoate) synthetase,,,,,,53474===alpha/beta-Hydrolases,,,EC:2.3.1.-===Transferases. Acyltransferases. Transferring groups other than amino-acyl groups.,,
3300049256 assembled Ga0508132_00015_93761_95485,null,polyhydroxyalkanoate synthase,3300049256,"Lab enriched compost microbial communities from Needham, MA, USA - 01 SPAdes assembly (*) (MER-FS) (assembled)",6,,,,93761,95485,-,1725,574,CDS,,,,No,Draft,,,Ga0508132_00015,,Ga0508132_00015,110733,0.62,1,COG3243===Poly(3-hydroxyalkanoate) synthetase,,,"TIGR01838===poly(R)-hydroxyalkanoic acid synthase, class I",,,53474===alpha/beta-Hydrolases,,,EC:2.3.1.-===Transferases. Acyltransferases. Transferring groups other than amino-acyl groups.,,
3300049257 assembled Ga0508133_083577_1_147,null,polyhydroxyalkanoate synthase,3300049257,"Lab enriched compost microbial communities from Needham, MA, USA - 01 MEGAHIT assembly (*) (MER-FS) (assembled)",6,,,,1,147,#ERROR!,147,48,CDS,,,,No,Draft,,,Ga0508133_083577,,Ga0508133_083577,778,0.67,1,COG3243===Poly(3-hydroxyalkanoate) synthetase,,,,,,,,,EC:2.3.1.-===Transferases. Acyltransferases. Transferring groups other than amino-acyl groups.,,
3300049257 assembled Ga0508133_097457_2_226,null,polyhydroxyalkanoate synthase,3300049257,"Lab enriched compost microbial communities from Needham, MA, USA - 01 MEGAHIT assembly (*) (MER-FS) (assembled)",6,,,,2,226,#ERROR!,225,75,CDS,,,,No,Draft,,,Ga0508133_097457,,Ga0508133_097457,228,0.65,1,,,,,,,,,,EC:2.3.1.-===Transferases. Acyltransferases. Transferring groups other than amino-acyl groups.,,
3300049257 assembled Ga0508133_006654_1_303,null,polyhydroxyalkanoate synthase,3300049257,"Lab enriched compost microbial communities from Needham, MA, USA - 01 MEGAHIT assembly (*) (MER-FS) (assembled)",6,,,,1,303,-,303,101,CDS,,,,No,Draft,,,Ga0508133_006654,,Ga0508133_006654,313,0.63,1,,,,,,,,,,EC:2.3.1.-===Transferases. Acyltransferases. Transferring groups other than amino-acyl groups.,,
3300049257 assembled Ga0508133_090577_2_361,null,polyhydroxyalkanoate synthase,3300049257,"Lab enriched compost microbial communities from Needham, MA, USA - 01 MEGAHIT assembly (*) (MER-FS) (assembled)",6,,,,2,361,#ERROR!,360,120,CDS,,,,No,Draft,,,Ga0508133_090577,,Ga0508133_090577,361,0.65,1,COG3243===Poly(3-hydroxyalkanoate) synthetase,,,,,,53474===alpha/beta-Hydrolases,,,EC:2.3.1.-===Transferases. Acyltransferases. Transferring groups other than amino-acyl groups.,,
3300049256 assembled Ga0508132_24664_2_148,null,polyhydroxyalkanoate synthase,3300049256,"Lab enriched compost microbial communities from Needham, MA, USA - 01 SPAdes assembly (*) (MER-FS) (assembled)",6,,,,2,148,#ERROR!,147,48,CDS,,,,No,Draft,,,Ga0508132_24664,,Ga0508132_24664,509,0.7,1,COG3243===Poly(3-hydroxyalkanoate) synthetase,,,,,,,,,EC:2.3.1.-===Transferases. Acyltransferases. Transferring groups other than amino-acyl groups.,,
3300049257 assembled Ga0508133_090378_1_426,null,polyhydroxyalkanoate synthase,3300049257,"Lab enriched compost microbial communities from Needham, MA, USA - 01 MEGAHIT assembly (*) (MER-FS) (assembled)",6,,,,1,426,-,426,142,CDS,,,,No,Draft,,,Ga0508133_090378,,Ga0508133_090378,426,0.64,1,COG3243===Poly(3-hydroxyalkanoate) synthetase,,,,,,53474===alpha/beta-Hydrolases,,,EC:2.3.1.-===Transferases. Acyltransferases. Transferring groups other than amino-acyl groups.,,
3300049257 assembled Ga0508133_011510_82979_84784,null,polyhydroxyalkanoate synthase,3300049257,"Lab enriched compost microbial communities from Needham, MA, USA - 01 MEGAHIT assembly (*) (MER-FS) (assembled)",6,,,,82979,84784,-,1806,601,CDS,,,,No,Draft,,,Ga0508133_011510,,Ga0508133_011510,84993,0.66,1,COG3243===Poly(3-hydroxyalkanoate) synthetase,,,"TIGR01838===poly(R)-hydroxyalkanoic acid synthase, class I",,,53474===alpha/beta-Hydrolases,,,EC:2.3.1.-===Transferases. Acyltransferases. Transferring groups other than amino-acyl groups.,,
3300049257 assembled Ga0508133_036416_1_732,null,polyhydroxyalkanoate synthase,3300049257,"Lab enriched compost microbial communities from Needham, MA, USA - 01 MEGAHIT assembly (*) (MER-FS) (assembled)",6,,,,1,732,-,732,244,CDS,,,,No,Draft,,,Ga0508133_036416,,Ga0508133_036416,15930,0.6,1,,,,,,,,,,EC:2.3.1.-===Transferases. Acyltransferases. Transferring groups other than amino-acyl groups.,,
3300049257 assembled Ga0508133_101867_1_459,null,polyhydroxyalkanoate synthase,3300049257,"Lab enriched compost microbial communities from Needham, MA, USA - 01 MEGAHIT assembly (*) (MER-FS) (assembled)",6,,,,1,459,-,459,153,CDS,,,,No,Draft,,,Ga0508133_101867,,Ga0508133_101867,737,0.64,1,COG3243===Poly(3-hydroxyalkanoate) synthetase,,,,,,53474===alpha/beta-Hydrolases,,,EC:2.3.1.-===Transferases. Acyltransferases. Transferring groups other than amino-acyl groups.,,
3300049257 assembled Ga0508133_030511_1_336,null,polyhydroxyalkanoate synthase,3300049257,"Lab enriched compost microbial communities from Needham, MA, USA - 01 MEGAHIT assembly (*) (MER-FS) (assembled)",6,,,,1,336,#ERROR!,336,112,CDS,,,,No,Draft,,,Ga0508133_030511,,Ga0508133_030511,338,0.65,1,COG3243===Poly(3-hydroxyalkanoate) synthetase,,,,,,53474===alpha/beta-Hydrolases,,,EC:2.3.1.-===Transferases. Acyltransferases. Transferring groups other than amino-acyl groups.,,
3300049257 assembled Ga0508133_027799_1_420,null,polyhydroxyalkanoate synthase,3300049257,"Lab enriched compost microbial communities from Needham, MA, USA - 01 MEGAHIT assembly (*) (MER-FS) (assembled)",6,,,,1,420,#ERROR!,420,140,CDS,,,,No,Draft,,,Ga0508133_027799,,Ga0508133_027799,421,0.69,1,,,,,,,,,,EC:2.3.1.-===Transferases. Acyltransferases. Transferring groups other than amino-acyl groups.,,
3300049256 assembled Ga0508132_70791_3_236,null,polyhydroxyalkanoate synthase,3300049256,"Lab enriched compost microbial communities from Needham, MA, USA - 01 SPAdes assembly (*) (MER-FS) (assembled)",6,,,,3,236,-,234,78,CDS,,,,No,Draft,,,Ga0508132_70791,,Ga0508132_70791,248,0.63,1,COG3243===Poly(3-hydroxyalkanoate) synthetase,,,,,,53474===alpha/beta-Hydrolases,,,EC:2.3.1.-===Transferases. Acyltransferases. Transferring groups other than amino-acyl groups.,,
3300049257 assembled Ga0508133_027867_2_205,null,polyhydroxyalkanoate synthase,3300049257,"Lab enriched compost microbial communities from Needham, MA, USA - 01 MEGAHIT assembly (*) (MER-FS) (assembled)",6,,,,2,205,-,204,68,CDS,,,,No,Draft,,,Ga0508133_027867,,Ga0508133_027867,206,0.71,1,,,,,,,,,,EC:2.3.1.-===Transferases. Acyltransferases. Transferring groups other than amino-acyl groups.,,
3300049257 assembled Ga0508133_103956_248_1402,null,polyhydroxyalkanoate synthase,3300049257,"Lab enriched compost microbial communities from Needham, MA, USA - 01 MEGAHIT assembly (*) (MER-FS) (assembled)",6,,,,248,1402,#ERROR!,1155,385,CDS,,,,No,Draft,,,Ga0508133_103956,,Ga0508133_103956,1403,0.65,1,,,,,,,47954===Cyclin-like<<>>53474===alpha/beta-Hydrolases,,,EC:2.3.1.-===Transferases. Acyltransferases. Transferring groups other than amino-acyl groups.,,
3300049257 assembled Ga0508133_066935_1_249,null,polyhydroxyalkanoate synthase,3300049257,"Lab enriched compost microbial communities from Needham, MA, USA - 01 MEGAHIT assembly (*) (MER-FS) (assembled)",6,,,,1,249,#ERROR!,249,83,CDS,,,,No,Draft,,,Ga0508133_066935,,Ga0508133_066935,249,0.64,1,,,,,,,,,,EC:2.3.1.-===Transferases. Acyltransferases. Transferring groups other than amino-acyl groups.,,
3300049257 assembled Ga0508133_020379_1558_2187,null,polyhydroxyalkanoate synthase,3300049257,"Lab enriched compost microbial communities from Needham, MA, USA - 01 MEGAHIT assembly (*) (MER-FS) (assembled)",6,,,,1558,2187,-,630,209,CDS,,,,No,Draft,,,Ga0508133_020379,,Ga0508133_020379,2188,0.67,1,COG3243===Poly(3-hydroxyalkanoate) synthetase,,,,,,53474===alpha/beta-Hydrolases,,,EC:2.3.1.-===Transferases. Acyltransferases. Transferring groups other than amino-acyl groups.,,
3300049257 assembled Ga0508133_011300_3_242,null,polyhydroxyalkanoate synthase,3300049257,"Lab enriched compost microbial communities from Needham, MA, USA - 01 MEGAHIT assembly (*) (MER-FS) (assembled)",6,,,,3,242,-,240,80,CDS,,,,No,Draft,,,Ga0508133_011300,,Ga0508133_011300,242,0.68,1,COG3243===Poly(3-hydroxyalkanoate) synthetase,,,,,,53474===alpha/beta-Hydrolases,,,EC:2.3.1.-===Transferases. Acyltransferases. Transferring groups other than amino-acyl groups.,,
3300049257 assembled Ga0508133_101279_1_309,null,polyhydroxyalkanoate synthase,3300049257,"Lab enriched compost microbial communities from Needham, MA, USA - 01 MEGAHIT assembly (*) (MER-FS) (assembled)",6,,,,1,309,#ERROR!,309,103,CDS,,,,No,Draft,,,Ga0508133_101279,,Ga0508133_101279,309,0.65,1,COG3243===Poly(3-hydroxyalkanoate) synthetase,,,,,,53474===alpha/beta-Hydrolases,,,EC:2.3.1.-===Transferases. Acyltransferases. Transferring groups other than amino-acyl groups.,,
3300049257 assembled Ga0508133_058714_1_399,null,polyhydroxyalkanoate synthase,3300049257,"Lab enriched compost microbial communities from Needham, MA, USA - 01 MEGAHIT assembly (*) (MER-FS) (assembled)",6,,,,1,399,#ERROR!,399,132,CDS,,,,No,Draft,,,Ga0508133_058714,,Ga0508133_058714,825,0.65,1,COG3243===Poly(3-hydroxyalkanoate) synthetase,,,,,,53474===alpha/beta-Hydrolases,,,EC:2.3.1.-===Transferases. Acyltransferases. Transferring groups other than amino-acyl groups.,,
3300049256 assembled Ga0508132_00003_30487_31608,null,polyhydroxyalkanoate synthase,3300049256,"Lab enriched compost microbial communities from Needham, MA, USA - 01 SPAdes assembly (*) (MER-FS) (assembled)",6,,,,30487,31608,-,1122,373,CDS,,,,No,Draft,,,Ga0508132_00003,,Ga0508132_00003,526491,0.47,1,COG3243===Poly(3-hydroxyalkanoate) synthetase,,,"TIGR01836===poly(R)-hydroxyalkanoic acid synthase, class III, PhaC subunit",,,53474===alpha/beta-Hydrolases,,,EC:2.3.1.-===Transferases. Acyltransferases. Transferring groups other than amino-acyl groups.,,
3300049256 assembled Ga0508132_12100_234_737,null,polyhydroxyalkanoate synthesis regulator phasin,3300049256,"Lab enriched compost microbial communities from Needham, MA, USA - 01 SPAdes assembly (*) (MER-FS) (assembled)",6,,,,234,737,#ERROR!,504,168,CDS,,,,No,Draft,,,Ga0508132_12100,,Ga0508132_12100,737,0.62,1,COG3937===Polyhydroxyalkanoate synthesis regulator phasin,,,,,,,,,,,
3300049257 assembled Ga0508133_051046_14912_15085,null,polyhydroxyalkanoate synthesis regulator phasin,3300049257,"Lab enriched compost microbial communities from Needham, MA, USA - 01 MEGAHIT assembly (*) (MER-FS) (assembled)",6,,,,14912,15085,#ERROR!,174,57,CDS,,,,No,Draft,,,Ga0508133_051046,,Ga0508133_051046,22824,0.6,1,COG3937===Polyhydroxyalkanoate synthesis regulator phasin,,,,,,47240===Ferritin-like,,,,,
3300049257 assembled Ga0508133_052185_1592_2068,null,polyhydroxyalkanoate synthesis regulator phasin,3300049257,"Lab enriched compost microbial communities from Needham, MA, USA - 01 MEGAHIT assembly (*) (MER-FS) (assembled)",6,,,,1592,2068,#ERROR!,477,159,CDS,,,,No,Draft,,,Ga0508133_052185,,Ga0508133_052185,2069,0.65,1,COG3937===Polyhydroxyalkanoate synthesis regulator phasin,,,,,,,,,,,
3300049257 assembled Ga0508133_076427_1_246,null,polyhydroxyalkanoate synthesis regulator phasin,3300049257,"Lab enriched compost microbial communities from Needham, MA, USA - 01 MEGAHIT assembly (*) (MER-FS) (assembled)",6,,,,1,246,#ERROR!,246,81,CDS,,,,No,Draft,,,Ga0508133_076427,,Ga0508133_076427,618,0.58,1,COG3937===Polyhydroxyalkanoate synthesis regulator phasin,,,,,,102462===Peptidyl-tRNA hydrolase II,,,,,
3300049256 assembled Ga0508132_00006_261919_262092,null,polyhydroxyalkanoate synthesis regulator phasin,3300049256,"Lab enriched compost microbial communities from Needham, MA, USA - 01 SPAdes assembly (*) (MER-FS) (assembled)",6,,,,261919,262092,#ERROR!,174,57,CDS,,,,No,Draft,,,Ga0508132_00006,,Ga0508132_00006,280524,0.61,1,COG3937===Polyhydroxyalkanoate synthesis regulator phasin,,,,,,47240===Ferritin-like,,,,,
3300049256 assembled Ga0508132_36938_57_290,null,polyhydroxyalkanoate synthesis regulator phasin,3300049256,"Lab enriched compost microbial communities from Needham, MA, USA - 01 SPAdes assembly (*) (MER-FS) (assembled)",6,,,,57,290,#ERROR!,234,77,CDS,,,,No,Draft,,,Ga0508132_36938,,Ga0508132_36938,426,0.62,1,COG3937===Polyhydroxyalkanoate synthesis regulator phasin,,,,,,90257===Myosin rod fragments,,,,,
3300049256 assembled Ga0508132_10612_501_785,null,polyhydroxyalkanoate synthesis regulator protein,3300049256,"Lab enriched compost microbial communities from Needham, MA, USA - 01 SPAdes assembly (*) (MER-FS) (assembled)",6,,,,501,785,-,285,94,CDS,,,,No,Draft,,,Ga0508132_10612,,Ga0508132_10612,793,0.68,1,"COG5394===Polyhydroxyalkanoate (PHA) synthesis regulator protein, binds DNA and PHA",,,,,,54452===MHC antigen-recognition domain,,,,,
3300049257 assembled Ga0508133_075887_8_253,null,polyhydroxyalkanoate synthesis regulator protein,3300049257,"Lab enriched compost microbial communities from Needham, MA, USA - 01 MEGAHIT assembly (*) (MER-FS) (assembled)",6,,,,8,253,#ERROR!,246,81,CDS,,,,No,Draft,,,Ga0508133_075887,,Ga0508133_075887,1516,0.66,1,"COG5394===Polyhydroxyalkanoate (PHA) synthesis regulator protein, binds DNA and PHA",,,,,,47661===t-snare proteins,,,,,
3300049257 assembled Ga0508133_078903_31_252,null,polyhydroxyalkanoate synthesis regulator protein,3300049257,"Lab enriched compost microbial communities from Needham, MA, USA - 01 MEGAHIT assembly (*) (MER-FS) (assembled)",6,,,,31,252,-,222,73,CDS,,,,No,Draft,,,Ga0508133_078903,,Ga0508133_078903,252,0.63,1,"COG5394===Polyhydroxyalkanoate (PHA) synthesis regulator protein, binds DNA and PHA",,,,,,47661===t-snare proteins,,,,,
3300049257 assembled Ga0508133_016228_1_207,null,polyhydroxyalkanoate synthesis regulator protein,3300049257,"Lab enriched compost microbial communities from Needham, MA, USA - 01 MEGAHIT assembly (*) (MER-FS) (assembled)",6,,,,1,207,#ERROR!,207,69,CDS,,,,No,Draft,,,Ga0508133_016228,,Ga0508133_016228,209,0.58,1,"COG5394===Polyhydroxyalkanoate (PHA) synthesis regulator protein, binds DNA and PHA",,,,,,56854===Bcl-2 inhibitors of programmed cell death,,,,,
3300049257 assembled Ga0508133_060329_372_656,null,polyhydroxyalkanoate synthesis regulator protein,3300049257,"Lab enriched compost microbial communities from Needham, MA, USA - 01 MEGAHIT assembly (*) (MER-FS) (assembled)",6,,,,372,656,-,285,94,CDS,,,,No,Draft,,,Ga0508133_060329,,Ga0508133_060329,664,0.68,1,"COG5394===Polyhydroxyalkanoate (PHA) synthesis regulator protein, binds DNA and PHA",,,,,,54452===MHC antigen-recognition domain,,,,,
3300049257 assembled Ga0508133_078834_1_222,null,polyhydroxyalkanoate synthesis regulator protein,3300049257,"Lab enriched compost microbial communities from Needham, MA, USA - 01 MEGAHIT assembly (*) (MER-FS) (assembled)",6,,,,1,222,#ERROR!,222,73,CDS,,,,No,Draft,,,Ga0508133_078834,,Ga0508133_078834,323,0.62,1,"COG5394===Polyhydroxyalkanoate (PHA) synthesis regulator protein, binds DNA and PHA",,,,,,47661===t-snare proteins,,,,,
3300049257 assembled Ga0508133_009030_2_391,null,polyhydroxyalkanoate synthesis repressor PhaR,3300049257,"Lab enriched compost microbial communities from Needham, MA, USA - 01 MEGAHIT assembly (*) (MER-FS) (assembled)",6,,,,2,391,-,390,130,CDS,,,,No,Draft,,,Ga0508133_009030,,Ga0508133_009030,470,0.6,1,"COG5394===Polyhydroxyalkanoate (PHA) synthesis regulator protein, binds DNA and PHA",,,TIGR01848===polyhydroxyalkanoate synthesis repressor PhaR,,,,,,,,
3300049256 assembled Ga0508132_15152_156_650,null,polyhydroxyalkanoate synthesis repressor PhaR,3300049256,"Lab enriched compost microbial communities from Needham, MA, USA - 01 SPAdes assembly (*) (MER-FS) (assembled)",6,,,,156,650,#ERROR!,495,165,CDS,,,,No,Draft,,,Ga0508132_15152,,Ga0508132_15152,652,0.58,1,"COG5394===Polyhydroxyalkanoate (PHA) synthesis regulator protein, binds DNA and PHA",,,TIGR01848===polyhydroxyalkanoate synthesis repressor PhaR,,,,,,,,
3300049257 assembled Ga0508133_017083_3_482,null,polyhydroxyalkanoate synthesis repressor PhaR,3300049257,"Lab enriched compost microbial communities from Needham, MA, USA - 01 MEGAHIT assembly (*) (MER-FS) (assembled)",6,,,,3,482,#ERROR!,480,159,CDS,,,,No,Draft,,,Ga0508133_017083,,Ga0508133_017083,996,0.62,1,"COG5394===Polyhydroxyalkanoate (PHA) synthesis regulator protein, binds DNA and PHA",,,TIGR01848===polyhydroxyalkanoate synthesis repressor PhaR,,,54452===MHC antigen-recognition domain,,,,,
3300049256 assembled Ga0508132_00167_15598_16254,null,polyhydroxyalkanoate synthesis repressor PhaR,3300049256,"Lab enriched compost microbial communities from Needham, MA, USA - 01 SPAdes assembly (*) (MER-FS) (assembled)",6,,,,15598,16254,-,657,218,CDS,,,,No,Draft,,,Ga0508132_00167,,Ga0508132_00167,28555,0.67,1,"COG5394===Polyhydroxyalkanoate (PHA) synthesis regulator protein, binds DNA and PHA",,,TIGR01848===polyhydroxyalkanoate synthesis repressor PhaR,,,,,,,,
3300049257 assembled Ga0508133_091670_3651_4214,null,polyhydroxyalkanoate synthesis repressor PhaR,3300049257,"Lab enriched compost microbial communities from Needham, MA, USA - 01 MEGAHIT assembly (*) (MER-FS) (assembled)",6,,,,3651,4214,-,564,187,CDS,,,,No,Draft,,,Ga0508133_091670,,Ga0508133_091670,4459,0.64,1,"COG5394===Polyhydroxyalkanoate (PHA) synthesis regulator protein, binds DNA and PHA",,,TIGR01848===polyhydroxyalkanoate synthesis repressor PhaR,,,"100879===Lesion bypass DNA polymerase (Y-family), little finger domain",,,,,
3300049256 assembled Ga0508132_44292_2_322,null,polyhydroxyalkanoate synthesis repressor PhaR,3300049256,"Lab enriched compost microbial communities from Needham, MA, USA - 01 SPAdes assembly (*) (MER-FS) (assembled)",6,,,,2,322,-,321,107,CDS,,,,No,Draft,,,Ga0508132_44292,,Ga0508132_44292,399,0.6,1,"COG5394===Polyhydroxyalkanoate (PHA) synthesis regulator protein, binds DNA and PHA",,,TIGR01848===polyhydroxyalkanoate synthesis repressor PhaR,,,47473===EF-hand,,,,,
3300049256 assembled Ga0508132_00033_47214_47912,null,polyhydroxyalkanoate synthesis repressor PhaR,3300049256,"Lab enriched compost microbial communities from Needham, MA, USA - 01 SPAdes assembly (*) (MER-FS) (assembled)",6,,,,47214,47912,#ERROR!,699,232,CDS,,,,No,Draft,,,Ga0508132_00033,,Ga0508132_00033,79447,0.64,1,"COG5394===Polyhydroxyalkanoate (PHA) synthesis regulator protein, binds DNA and PHA",,,TIGR01848===polyhydroxyalkanoate synthesis repressor PhaR,,,,,,,,
3300049256 assembled Ga0508132_28804_80_469,null,polyhydroxyalkanoate synthesis repressor PhaR,3300049256,"Lab enriched compost microbial communities from Needham, MA, USA - 01 SPAdes assembly (*) (MER-FS) (assembled)",6,,,,80,469,#ERROR!,390,130,CDS,,,,No,Draft,,,Ga0508132_28804,,Ga0508132_28804,470,0.6,1,"COG5394===Polyhydroxyalkanoate (PHA) synthesis regulator protein, binds DNA and PHA",,,TIGR01848===polyhydroxyalkanoate synthesis repressor PhaR,,,,,,,,
3300049257 assembled Ga0508133_038098_477_1067,null,polyhydroxyalkanoate synthesis repressor PhaR,3300049257,"Lab enriched compost microbial communities from Needham, MA, USA - 01 MEGAHIT assembly (*) (MER-FS) (assembled)",6,,,,477,1067,-,591,196,CDS,,,,No,Draft,,,Ga0508133_038098,,Ga0508133_038098,5143,0.63,1,"COG5394===Polyhydroxyalkanoate (PHA) synthesis regulator protein, binds DNA and PHA",,,TIGR01848===polyhydroxyalkanoate synthesis repressor PhaR,,,89009===GAT-like domain,,,,,
3300049257 assembled Ga0508133_095951_81_575,null,polyhydroxyalkanoate synthesis repressor PhaR,3300049257,"Lab enriched compost microbial communities from Needham, MA, USA - 01 MEGAHIT assembly (*) (MER-FS) (assembled)",6,,,,81,575,#ERROR!,495,165,CDS,,,,No,Draft,,,Ga0508133_095951,,Ga0508133_095951,577,0.59,1,"COG5394===Polyhydroxyalkanoate (PHA) synthesis regulator protein, binds DNA and PHA",,,TIGR01848===polyhydroxyalkanoate synthesis repressor PhaR,,,,,,,,
3300049257 assembled Ga0508133_012464_13549_14247,null,polyhydroxyalkanoate synthesis repressor PhaR,3300049257,"Lab enriched compost microbial communities from Needham, MA, USA - 01 MEGAHIT assembly (*) (MER-FS) (assembled)",6,,,,13549,14247,-,699,232,CDS,,,,No,Draft,,,Ga0508133_012464,,Ga0508133_012464,39038,0.65,1,"COG5394===Polyhydroxyalkanoate (PHA) synthesis regulator protein, binds DNA and PHA",,,TIGR01848===polyhydroxyalkanoate synthesis repressor PhaR,,,,,,,,
3300049257 assembled Ga0508133_059482_27962_28618,null,polyhydroxyalkanoate synthesis repressor PhaR,3300049257,"Lab enriched compost microbial communities from Needham, MA, USA - 01 MEGAHIT assembly (*) (MER-FS) (assembled)",6,,,,27962,28618,-,657,218,CDS,,,,No,Draft,,,Ga0508133_059482,,Ga0508133_059482,38727,0.67,1,"COG5394===Polyhydroxyalkanoate (PHA) synthesis regulator protein, binds DNA and PHA",,,TIGR01848===polyhydroxyalkanoate synthesis repressor PhaR,,,,,,,,
3300049256 assembled Ga0508132_00162_9377_9940,null,polyhydroxyalkanoate synthesis repressor PhaR,3300049256,"Lab enriched compost microbial communities from Needham, MA, USA - 01 SPAdes assembly (*) (MER-FS) (assembled)",6,,,,9377,9940,#ERROR!,564,187,CDS,,,,No,Draft,,,Ga0508132_00162,,Ga0508132_00162,28955,0.64,1,"COG5394===Polyhydroxyalkanoate (PHA) synthesis regulator protein, binds DNA and PHA",,,TIGR01848===polyhydroxyalkanoate synthesis repressor PhaR,,,"100879===Lesion bypass DNA polymerase (Y-family), little finger domain",,,,,
3300049256 assembled Ga0508132_00782_2458_3048,null,polyhydroxyalkanoate synthesis repressor PhaR,3300049256,"Lab enriched compost microbial communities from Needham, MA, USA - 01 SPAdes assembly (*) (MER-FS) (assembled)",6,,,,2458,3048,-,591,196,CDS,,,,No,Draft,,,Ga0508132_00782,,Ga0508132_00782,8889,0.66,1,"COG5394===Polyhydroxyalkanoate (PHA) synthesis regulator protein, binds DNA and PHA",,,TIGR01848===polyhydroxyalkanoate synthesis repressor PhaR,,,89009===GAT-like domain,,,,,
3300049257 assembled Ga0508133_017847_2_274,null,polyhydroxybutyrate depolymerase,3300049257,"Lab enriched compost microbial communities from Needham, MA, USA - 01 MEGAHIT assembly (*) (MER-FS) (assembled)",6,,,,2,274,-,273,91,CDS,,,,No,Draft,,,Ga0508133_017847,,Ga0508133_017847,865,0.67,1,COG3509===Poly(3-hydroxybutyrate) depolymerase,,,,,,53474===alpha/beta-Hydrolases,,,,,
3300049256 assembled Ga0508132_51882_2_373,null,polyhydroxybutyrate depolymerase,3300049256,"Lab enriched compost microbial communities from Needham, MA, USA - 01 SPAdes assembly (*) (MER-FS) (assembled)",6,,,,2,373,#ERROR!,372,124,CDS,,,,No,Draft,,,Ga0508132_51882,,Ga0508132_51882,375,0.74,1,COG3509===Poly(3-hydroxybutyrate) depolymerase,,,,,,53474===alpha/beta-Hydrolases,,,,,
3300049256 assembled Ga0508132_69654_9_329,null,polyhydroxybutyrate depolymerase,3300049256,"Lab enriched compost microbial communities from Needham, MA, USA - 01 SPAdes assembly (*) (MER-FS) (assembled)",6,,,,9,329,#ERROR!,321,107,CDS,,,,No,Draft,,,Ga0508132_69654,,Ga0508132_69654,329,0.72,1,COG3509===Poly(3-hydroxybutyrate) depolymerase,,,,,,53474===alpha/beta-Hydrolases,,,,,
3300049256 assembled Ga0508132_33512_3_110,null,polyhydroxybutyrate depolymerase,3300049256,"Lab enriched compost microbial communities from Needham, MA, USA - 01 SPAdes assembly (*) (MER-FS) (assembled)",6,,,,3,110,-,108,36,CDS,,,,No,Draft,,,Ga0508132_33512,,Ga0508132_33512,441,0.63,1,,,,,,,,,,,,
3300049257 assembled Ga0508133_066001_9_329,null,polyhydroxybutyrate depolymerase,3300049257,"Lab enriched compost microbial communities from Needham, MA, USA - 01 MEGAHIT assembly (*) (MER-FS) (assembled)",6,,,,9,329,#ERROR!,321,107,CDS,,,,No,Draft,,,Ga0508133_066001,,Ga0508133_066001,329,0.72,1,COG3509===Poly(3-hydroxybutyrate) depolymerase,,,,,,53474===alpha/beta-Hydrolases,,,,,
3300049257 assembled Ga0508133_027599_7335_7826,null,polyhydroxybutyrate depolymerase,3300049257,"Lab enriched compost microbial communities from Needham, MA, USA - 01 MEGAHIT assembly (*) (MER-FS) (assembled)",6,,,,7335,7826,-,492,163,CDS,,,,No,Draft,,,Ga0508133_027599,,Ga0508133_027599,7837,0.65,1,COG3509===Poly(3-hydroxybutyrate) depolymerase,,,,,,53474===alpha/beta-Hydrolases,,,,,
3300049256 assembled Ga0508132_03257_979_1824,null,polyhydroxybutyrate depolymerase,3300049256,"Lab enriched compost microbial communities from Needham, MA, USA - 01 SPAdes assembly (*) (MER-FS) (assembled)",6,,,,979,1824,#ERROR!,846,281,CDS,,,,No,Draft,,,Ga0508132_03257,,Ga0508132_03257,1894,0.74,1,COG3509===Poly(3-hydroxybutyrate) depolymerase,,,,,,53474===alpha/beta-Hydrolases,,,,,
3300049256 assembled Ga0508132_41924_2_181,null,polyhydroxybutyrate depolymerase,3300049256,"Lab enriched compost microbial communities from Needham, MA, USA - 01 SPAdes assembly (*) (MER-FS) (assembled)",6,,,,2,181,#ERROR!,180,59,CDS,,,,No,Draft,,,Ga0508132_41924,,Ga0508132_41924,406,0.63,1,COG3509===Poly(3-hydroxybutyrate) depolymerase,,,,,,53474===alpha/beta-Hydrolases,,,,,
3300049256 assembled Ga0508132_09161_2_274,null,polyhydroxybutyrate depolymerase,3300049256,"Lab enriched compost microbial communities from Needham, MA, USA - 01 SPAdes assembly (*) (MER-FS) (assembled)",6,,,,2,274,-,273,91,CDS,,,,No,Draft,,,Ga0508132_09161,,Ga0508132_09161,865,0.67,1,COG3509===Poly(3-hydroxybutyrate) depolymerase,,,,,,53474===alpha/beta-Hydrolases,,,,,
3300049257 assembled Ga0508133_093587_1_315,null,polyhydroxybutyrate depolymerase,3300049257,"Lab enriched compost microbial communities from Needham, MA, USA - 01 MEGAHIT assembly (*) (MER-FS) (assembled)",6,,,,1,315,-,315,105,CDS,,,,No,Draft,,,Ga0508133_093587,,Ga0508133_093587,317,0.67,1,COG3509===Poly(3-hydroxybutyrate) depolymerase,,,,,,53474===alpha/beta-Hydrolases,,,,,
3300049256 assembled Ga0508132_00875_7519_8055,null,polyhydroxybutyrate depolymerase,3300049256,"Lab enriched compost microbial communities from Needham, MA, USA - 01 SPAdes assembly (*) (MER-FS) (assembled)",6,,,,7519,8055,-,537,178,CDS,,,,No,Draft,,,Ga0508132_00875,,Ga0508132_00875,8055,0.65,1,COG3509===Poly(3-hydroxybutyrate) depolymerase,,,,,,53474===alpha/beta-Hydrolases,,,,,
3300049256 assembled Ga0508132_62936_1_345,null,polyhydroxybutyrate depolymerase,3300049256,"Lab enriched compost microbial communities from Needham, MA, USA - 01 SPAdes assembly (*) (MER-FS) (assembled)",6,,,,1,345,#ERROR!,345,115,CDS,,,,No,Draft,,,Ga0508132_62936,,Ga0508132_62936,346,0.72,1,COG3509===Poly(3-hydroxybutyrate) depolymerase,,,,,,53474===alpha/beta-Hydrolases,,,,,
3300049257 assembled Ga0508133_020762_3_512,null,polyhydroxybutyrate depolymerase,3300049257,"Lab enriched compost microbial communities from Needham, MA, USA - 01 MEGAHIT assembly (*) (MER-FS) (assembled)",6,,,,3,512,-,510,170,CDS,,,,No,Draft,,,Ga0508133_020762,,Ga0508133_020762,1490,0.74,1,COG3509===Poly(3-hydroxybutyrate) depolymerase,,,,,,53474===alpha/beta-Hydrolases,,,,,
3300049257 assembled Ga0508133_058317_1_207,null,polyhydroxybutyrate depolymerase,3300049257,"Lab enriched compost microbial communities from Needham, MA, USA - 01 MEGAHIT assembly (*) (MER-FS) (assembled)",6,,,,1,207,#ERROR!,207,68,CDS,,,,No,Draft,,,Ga0508133_058317,,Ga0508133_058317,718,0.67,1,,,,,,,,,,,,
3300049256 assembled Ga0508132_60226_24_299,null,putative polyhydroxyalkanoate system protein,3300049256,"Lab enriched compost microbial communities from Needham, MA, USA - 01 SPAdes assembly (*) (MER-FS) (assembled)",6,,,,24,299,#ERROR!,276,91,CDS,,,,No,Draft,,,Ga0508132_60226,,Ga0508132_60226,353,0.67,1,,,,TIGR02610===putative polyhydroxyalkanoic acid system protein,,,,,,,,
3300049256 assembled Ga0508132_54408_13_288,null,putative polyhydroxyalkanoate system protein,3300049256,"Lab enriched compost microbial communities from Needham, MA, USA - 01 SPAdes assembly (*) (MER-FS) (assembled)",6,,,,13,288,-,276,91,CDS,,,,No,Draft,,,Ga0508132_54408,,Ga0508132_54408,368,0.7,1,"COG0508===Pyruvate/2-oxoglutarate dehydrogenase complex, dihydrolipoamide acyltransferase (E2) component",,,TIGR02610===putative polyhydroxyalkanoic acid system protein,,,,,,,,